URL,TAG,QUERY,HOST,TLD
http://abcnews.go.com/Health/section-rates-vary-widely-hospitals-study-finds/story?id=18656847,medical,C-Section,abcnews.go.com,com
http://americanpregnancy.org/labornbirth/cesareanaftercare.html,medical,Cesarean,americanpregnancy.org,org
http://americanpregnancy.org/labornbirth/cesareanprocedure.html,medical,Cesarean,americanpregnancy.org,org
http://americanpregnancy.org/labornbirth/cesareanrisks.html,medical,Cesarean delivery,americanpregnancy.org,org
http://americanpregnancy.org/labornbirth/reasonsforacesarean.html,medical,Cesarean delivery,americanpregnancy.org,org
http://americanpregnancy.org/labornbirth/vbac.html,medical,Cesarean delivery,americanpregnancy.org,org
http://birthbliss.wordpress.com/2008/06/09/skin-to-skin-caesarean-gentle-surgical-birth/,controversies,Surgical delivery,birthbliss.wordpress.com,com
http://blog.ican-online.org/2012/04/14/the-family-centered-cesarean/,controversies,Cesarean,blog.ican-online.org,org
http://blog.ican-online.org/tag/c-section/,medical,C-Section,blog.ican-online.org,org
http://blog.ican-online.org/tag/c-section/,controversies,C-Section,blog.ican-online.org,org
http://blogs.babycenter.com/celebrities/03152013-camila-alves-c-section-recovery-is-extremely-hard/,experiences,C-Section,blogs.babycenter.com,com
http://blogs.babycenter.com/celebrities/tom-arnold-baby-04212013-how-to-watch-a-c-section/,experiences,C-Section,blogs.babycenter.com,com
http://bodyandhealth.canada.com/channel_section_details.asp?text_id=3895&channel_id=2062&relation_id=84076,medical,C-Section,bodyandhealth.canada.com,com
http://canaustralia.net.s150349.gridserver.com/myth-caesareans-prevent-pelvic-floor-dysfunction/,controversies,CS delivery,canaustralia.net.s150349.gridserver.com,com
http://celebritybabies.people.com/2013/03/14/the-view-camila-alves-c-section/,experiences,C-Section,celebritybabies.people.com,com
http://celebritybabies.people.com/2013/03/14/the-view-camila-alves-c-section/,vip,C-Section,celebritybabies.people.com,com
http://commonhealth.wbur.org/2013/01/whats-a-natural-cesarean-and-how-natural-is-it-really,controversies,Cesarean,commonhealth.wbur.org,org
http://community.babycenter.com/post/a24451865/when_can_i_have_a_full_body_massage_after_cs_delivery,experiences,CS delivery,community.babycenter.com,com
http://community.babycenter.com/post/a31552171/cs_delivery_date_dilemma,controversies,CS delivery,community.babycenter.com,com
http://community.babycenter.com/post/a31552171/cs_delivery_date_dilemma,experiences,CS delivery,community.babycenter.com,com
http://community.babycenter.com/post/a36479578/usual_schedule_for_cs_birth_-update,controversies,CS delivery,community.babycenter.com,com
http://community.babycenter.com/post/a36479578/usual_schedule_for_cs_birth_-update,experiences,CS delivery,community.babycenter.com,com
http://consensus.nih.gov/2006/cesareanstatement.htm,medical,Cesarean delivery,consensus.nih.gov,gov
http://consensus.nih.gov/2006/cesareanstatement.htm,controversies,Cesarean delivery,consensus.nih.gov,gov
http://content.healthaffairs.org/content/32/3/527.abstract,medical,Cesarean delivery,content.healthaffairs.org,org
http://content.healthaffairs.org/content/32/3/527.abstract,controversies,Cesarean delivery,content.healthaffairs.org,org
http://drjennifermercier.com/category/delivery/,medical,Surgical delivery,drjennifermercier.com,com
http://gasexchange.com/questions/do-labor-epidurals-increase-the-risk-of-instrumental-or-surgical-delivery/,medical,Surgical delivery,gasexchange.com,com
http://gasexchange.com/questions/do-labor-epidurals-increase-the-risk-of-instrumental-or-surgical-delivery/,controversies,Surgical delivery,gasexchange.com,com
http://guidance.nice.org/CG/WaveR/97,medical,Caesarean,guidance.nice.org,org
http://guidance.nice.org/CG13,medical,Caesarean,guidance.nice.org,org
http://health.howstuffworks.com/pregnancy-and-parenting/pregnancy/labor-delivery/c-section.htm,medical,C-Section,health.howstuffworks.com,com
http://health.howstuffworks.com/pregnancy-and-parenting/pregnancy/labor-delivery/c-section1.htm,medical,C-Section,health.howstuffworks.com,com
http://health.howstuffworks.com/pregnancy-and-parenting/pregnancy/labor-delivery/c-section2.htm,medical,C-Section,health.howstuffworks.com,com
http://health.howstuffworks.com/pregnancy-and-parenting/pregnancy/labor-delivery/c-section2.htm,controversies,C-Section,health.howstuffworks.com,com
http://ican-online.net/,controversies,Cesarean,ican-online.net,net
http://icanseattle.wordpress.com/,controversies,Cesarean,icanseattle.wordpress.com,com
http://kidshealth.org/parent/pregnancy_center/childbirth/c_sections.html,medical,Cesarean,kidshealth.org,org
http://kidshealth.org/parent/question/infants/vbac.html,medical,C-Section,kidshealth.org,org
http://parentables.howstuffworks.com/health-wellness/skinny-c-sections-risks-and-benefits-surgical-delivery.html,controversies,Surgical delivery,parentables.howstuffworks.com,com
http://parentables.howstuffworks.com/health-wellness/skinny-c-sections-risks-and-benefits-surgical-delivery.html,experiences,Surgical delivery,parentables.howstuffworks.com,com
http://pathways.nice.org/pathways/caesarean-section,medical,Caesarean,pathways.nice.org,org
http://pennstatehershey.adam.com/content.aspx?productId=117&pid=1&gid=002911,medical,Abdominal delivery,pennstatehershey.adam.com,com
http://pregnancy.about.com/od/cesareansection/ss/c-section-scars.htm,medical,C-Section,pregnancy.about.com,com
http://pregnancy.about.com/od/cesareansection/ss/cesarean.htm,medical,Cesarean,pregnancy.about.com,com
http://pregnancy.familyeducation.com/delivery/c-sections/66212.html,medical,Cesarean,pregnancy.familyeducation.com,com
http://pregnancy.familyeducation.com/delivery/c-sections/66212.html,controversies,Cesarean,pregnancy.familyeducation.com,com
http://pregnancy.familyeducation.com/page/57652.html,medical,Cesarean,pregnancy.familyeducation.com,com
http://pregnancy.familyeducation.com/page/66359.html,medical,Cesarean,pregnancy.familyeducation.com,com
http://pregnancy.ygoy.com/2008/11/16/surgical-delivery/,medical,Surgical delivery,pregnancy.ygoy.com,com
http://resus.me/perimortem-cesarean-delivery-late-is-better-than-not/,medical,Caesarean delivery,resus.me,me
http://resus.me/perimortem-cesarean-delivery-late-is-better-than-not/,controversies,Caesarean delivery,resus.me,me
http://scopeblog.stanford.edu/2011/12/08/unneeded-cesareans-are-risky-and-expensive/,controversies,Surgical delivery,scopeblog.stanford.edu,edu
http://starbelliedsneaths.blogspot.com/2008/02/mia-grace-has-arrived.html,experiences,Surgical delivery,starbelliedsneaths.blogspot.com,com
http://voices.yahoo.com/caesarean-delivery-reasons-risks-6930626.html,medical,Caesarean delivery,voices.yahoo.com,com
http://wiki.answers.com/Q/What_causes_bipedal_edema_after_CS_delivery,medical,CS delivery,wiki.answers.com,com
http://wiki.answers.com/Q/What_is_surgical_delivery_by_means_of_abdominal_incision,medical,Surgical delivery,wiki.answers.com,com
http://womens.memorialhermann.org/classes-and-events/c-section-surgery/,medical,C-Section,womens.memorialhermann.org,org
http://womens.memorialhermann.org/classes-and-events/c-section-surgery/,experiences,C-Section,womens.memorialhermann.org,org
http://www.acog.org/About_ACOG/News_Room/News_Releases/2013/Vaginal_Delivery_Recommended_Over_Maternal-Request_Cesarean,medical,Cesarean delivery,acog.org,org
http://www.acog.org/About_ACOG/News_Room/News_Releases/2013/Vaginal_Delivery_Recommended_Over_Maternal-Request_Cesarean,controversies,Cesarean delivery,acog.org,org
http://www.acog.org/Resources_And_Publications/Committee_Opinions/Committee_on_Obstetric_Practice/Cesarean_Delivery_on_Maternal_Request,medical,Cesarean delivery,acog.org,org
http://www.acog.org/Resources_And_Publications/Committee_Opinions/Committee_on_Obstetric_Practice/Cesarean_Delivery_on_Maternal_Request,controversies,Cesarean delivery,acog.org,org
http://www.acog.org/Resources%20And%20Publications/Committee%20Opinions/Committee%20on%20Coding%20and%20Nomenclature/Tubal%20Ligation%20with%20Cesarean%20Delivery.aspx,medical,Cesarean delivery,acog.org,org
http://www.acog.org/Resources%20And%20Publications/Committee%20Opinions/Committee%20on%20Coding%20and%20Nomenclature/Tubal%20Ligation%20with%20Cesarean%20Delivery.aspx,controversies,Cesarean delivery,acog.org,org
http://www.acog.org/Resources%20And%20Publications/Committee%20Opinions/Committee%20on%20Obstetric%20Practice/Analgesia%20and%20Cesarean%20Delivery%20Rates.aspx,medical,Cesarean delivery,acog.org,org
http://www.acog.org/Resources%20And%20Publications/Committee%20Opinions/Committee%20on%20Obstetric%20Practice/Analgesia%20and%20Cesarean%20Delivery%20Rates.aspx,controversies,Cesarean delivery,acog.org,org
http://www.acog.org/Resources%20And%20Publications/Committee%20Opinions/Committee%20on%20Obstetric%20Practice/Fetal%20Monitoring%20Prior%20to%20Scheduled%20Cesarean%20Delivery.aspx,medical,Cesarean delivery,acog.org,org
http://www.acog.org/Resources%20And%20Publications/Committee%20Opinions/Committee%20on%20Obstetric%20Practice/Scheduled%20Cesarean%20Delivery%20and%20the%20Prevention%20of%20Vertical%20Transmission%20of%20HIV%20Infection.aspx,medical,Cesarean delivery,acog.org,org
http://www.acog.org/Resources%20And%20Publications/Committee%20Opinions/Committee%20on%20Obstetric%20Practice/Scheduled%20Cesarean%20Delivery%20and%20the%20Prevention%20of%20Vertical%20Transmission%20of%20HIV%20Infection.aspx,controversies,Cesarean delivery,acog.org,org
http://www.atlantichealth.org/morristown/our+services/maternity/before+you+arrive+for+delivery/preparing+for+cesarean+delivery,medical,Cesarean delivery,atlantichealth.org,org
http://www.babies.sutterhealth.org/laboranddelivery/ld_c-section.html,medical,Cesarean,babies.sutterhealth.org,org
http://www.babycenter.ca/a160/caesarean-section,medical,C-Section,babycenter.ca,ca
http://www.babycenter.com.au/a160/caesarean-section,medical,Caesarean,babycenter.com.au,com
http://www.babycenter.com.au/a557727/vaginal-birth-after-caesarean-vbac,medical,Caesarean,babycenter.com.au,com
http://www.babycenter.com.au/a557727/vaginal-birth-after-caesarean-vbac,controversies,Caesarean,babycenter.com.au,com
http://www.babycenter.com.au/x1960/when-can-i-exercise-after-a-caesarean,medical,Caesarean,babycenter.com.au,com
http://www.babycenter.com.my/a539020/recovery-after-a-caesarean-birth,medical,Caesarean,babycenter.com.my,com
http://www.babycenter.com/0_elective-cesarean-is-it-for-you_1498696.bc,medical,Cesarean,babycenter.com,com
http://www.babycenter.com/0_elective-cesarean-is-it-for-you_1498696.bc,controversies,Cesarean,babycenter.com,com
http://www.babycenter.com/0_elective-cesarean-is-it-for-you_1498696.bc,experiences,Cesarean,babycenter.com,com
http://www.babycenter.com/0_giving-birth-by-cesarean-section_160.bc,medical,C-Section,babycenter.com,com
http://www.babycenter.com/0_recovering-from-a-cesarean-delivery_221.bc,medical,C-Section,babycenter.com,com
http://www.babycenter.com/0_vaginal-birth-after-cesarean-vbac_1420895.bc,medical,C-Section,babycenter.com,com
http://www.babycenter.com/0_vaginal-birth-after-cesarean-vbac_1420895.bc,controversies,C-Section,babycenter.com,com
http://www.babycenter.com/0_what-to-pack-for-the-hospital-when-youre-having-a-c-section_10316463.bc,medical,C-Section,babycenter.com,com
http://www.babycenter.com/2_live-birth-c-section-surgery_3656510.bc,medical,C-Section,babycenter.com,com
http://www.babycenter.com/303_c-section-birth_10313757.bc,medical,C-Section,babycenter.com,com
http://www.babycenter.com/400_example-can-i-be-pregnant-after-4-month-of-cs-delivery_10622125_434.bc,experiences,CS delivery,babycenter.com,com
http://www.babycenter.com/c-section-scar-photos,experiences,C-Section,babycenter.com,com
http://www.babycenter.in/a539020/recovery-after-a-caesarean-birth,medical,Caesarean delivery,babycenter.in,in
http://www.babycenter.in/a539020/recovery-after-a-caesarean-birth,controversies,Caesarean delivery,babycenter.in,in
http://www.babycenter.in/a557727/vaginal-birth-after-caesarean-vbac,medical,Caesarean delivery,babycenter.in,in
http://www.babycenter.in/a557727/vaginal-birth-after-caesarean-vbac,controversies,Caesarean delivery,babycenter.in,in
http://www.babycentre.co.uk/a1029062/caesarean-birth-what-are-the-risks-and-benefits,medical,Caesarean,babycentre.co.uk,co.uk
http://www.babycentre.co.uk/a1029062/caesarean-birth-what-are-the-risks-and-benefits,controversies,Caesarean,babycentre.co.uk,co.uk
http://www.babycentre.co.uk/a1052200/what-to-pack-in-your-caesarean-hospital-bag,medical,Caesarean,babycentre.co.uk,co.uk
http://www.babycentre.co.uk/a160/caesarean-section,medical,Caesarean,babycentre.co.uk,co.uk
http://www.bbc.co.uk/news/health-15840743,medical,Caesarean delivery,bbc.co.uk,co.uk
http://www.bbc.co.uk/news/health-15840743,controversies,Caesarean delivery,bbc.co.uk,co.uk
http://www.bellybelly.com.au/birth/caesarean-section-or-vaginal-birth,medical,Caesarean delivery,bellybelly.com.au,com
http://www.bellybelly.com.au/birth/caesarean-section-or-vaginal-birth,controversies,Caesarean delivery,bellybelly.com.au,com
http://www.bellybelly.com.au/birth/caesarean-sections-what-actually-happens,medical,Caesarean,bellybelly.com.au,com
http://www.bellybelly.com.au/birth/caesarean-sections-what-actually-happens,controversies,Caesarean,bellybelly.com.au,com
http://www.bellybelly.com.au/birth/caesarean-sections-what-actually-happens,experiences,Caesarean,bellybelly.com.au,com
http://www.bellybelly.com.au/post-natal/emotional-scars-caesarean-birth,medical,Caesarean,bellybelly.com.au,com
http://www.bellybelly.com.au/post-natal/emotional-scars-caesarean-birth,controversies,Caesarean,bellybelly.com.au,com
http://www.bellybelly.com.au/post-natal/emotional-scars-caesarean-birth,experiences,Caesarean,bellybelly.com.au,com
http://www.betterhealth.vic.gov.au/bhcv2/bhcarticles.nsf/pages/Caesarean_section,medical,C-Section,betterhealth.vic.gov.au,gov
http://www.betterhealth.vic.gov.au/bhcv2/bhcarticles.nsf/pages/rf_pregnancy?open&cat=Pregnancy_and_birth_-_Childbirth,medical,C-Section,betterhealth.vic.gov.au,gov
http://www.birth.com.au/Labour-and-Birth,medical,Caesarean,birth.com.au,com
http://www.birth.com.au/The-physical-reactions-and-emotions-to-a-Caesarean-birth/Physical-recovery-of-the-woman-after-a-Caesarean-birth,medical,Caesarean,birth.com.au,com
http://www.birthingfromwithin.com/cesarean_birth,medical,Cesarean,birthingfromwithin.com,com
http://www.birthingfromwithin.com/cesarean_birth,controversies,Cesarean,birthingfromwithin.com,com
"http://www.bodyandsoul.com.au/parenting+pregnancy/pregnancy/life+after+a+caesarean,14675",medical,Caesarean,bodyandsoul.com.au,com
"http://www.bodyandsoul.com.au/parenting+pregnancy/pregnancy/life+after+a+caesarean,14675",controversies,Caesarean,bodyandsoul.com.au,com
"http://www.bodyandsoul.com.au/parenting+pregnancy/pregnancy/life+after+a+caesarean,14675",experiences,Caesarean,bodyandsoul.com.au,com
http://www.bupa.co.uk/individuals/health-information/directory/c/caesarean-delivery,medical,Caesarean delivery,bupa.co.uk,co.uk
http://www.bupa.co.uk/individuals/health-information/directory/c/caesarean-delivery?tab=FAQs,medical,Caesarean delivery,bupa.co.uk,co.uk
http://www.bupa.com.hk/eng/individuals/health-information/a-z-of-health/D/Caesarean-delivery.aspx,medical,Caesarean delivery,bupa.com.hk,com
http://www.caesarean.org/caesareanBirthPlan.html,controversies,Caesarean,caesarean.org,org
http://www.caesarean.org/ScarPics.html,controversies,Caesarean,caesarean.org,org
http://www.cdc.gov/nchs/fastats/delivery.htm,medical,Cesarean delivery,cdc.gov,gov
http://www.cesarean.com.au/,medical,C-Section,cesarean.com.au,com
http://www.cesarean.com.au/,controversies,C-Section,cesarean.com.au,com
http://www.cesarean.com.au/,experiences,C-Section,cesarean.com.au,com
http://www.childbirthconnection.org/article.asp?ck=10456,medical,Cesarean,childbirthconnection.org,org
http://www.childbirthconnection.org/article.asp?ck=10456,controversies,Cesarean,childbirthconnection.org,org
http://www.chop.edu/healthinfo/babys-care-after-a-cesarean-delivery.html,medical,Cesarean delivery,chop.edu,edu
http://www.chop.edu/healthinfo/babys-care-after-a-cesarean-delivery.html,controversies,Cesarean delivery,chop.edu,edu
http://www.cwcare.net/operative-delivery.aspx,medical,Operative delivery,cwcare.net,net
http://www.dailymail.co.uk/femail/article-2281936/Live-caesarean-section-witnessed-thousands-Twitter-users-hospital-streams-video-warns-squeamish.html,controversies,Caesarean,dailymail.co.uk,co.uk
http://www.dailymail.co.uk/health/article-2244021/Caesarean-sections-account-QUARTER-births--older-mothers-reason-why.html,controversies,Caesarean,dailymail.co.uk,co.uk
http://www.dailymail.co.uk/health/article-2277046/Babies-delivered-Caesarean-section-higher-risk-asthma-allergies.html,controversies,Caesarean,dailymail.co.uk,co.uk
http://www.dailymail.co.uk/health/article-2283910/Infants-born-C-section-times-likely-develop-allergies.html,controversies,C-Section,dailymail.co.uk,co.uk
http://www.drkenlaw.com.au/obstetrics/the-birth/caesarean-delivery.html,controversies,Caesarean delivery,drkenlaw.com.au,com
http://www.dummies.com/how-to/content/having-a-cesarean-delivery.html,medical,Cesarean delivery,dummies.com,com
http://www.eheart.com/cesarean/,controversies,Cesarean,eheart.com,com
http://www.emedicinehealth.com/cesarean_childbirth/article_em.htm,medical,Surgical delivery,emedicinehealth.com,com
http://www.essentialbaby.com.au/birth/caesarean/having-a-caesarean-section-20100826-13ti5.html,medical,Cesarean,essentialbaby.com.au,com
http://www.essentialbaby.com.au/birth/caesarean/having-a-caesarean-section-20100826-13ti5.html,controversies,Cesarean,essentialbaby.com.au,com
http://www.foxnews.com/health/2013/03/19/pregnant-women-chance-having-c-section-in-mass-linked-to-hospital-choice/,medical,C-Section,foxnews.com,com
http://www.foxnews.com/health/2013/03/19/pregnant-women-chance-having-c-section-in-mass-linked-to-hospital-choice/,controversies,C-Section,foxnews.com,com
http://www.friscowomenshealth.com/new-blog.html?p=89,medical,Cesarean,friscowomenshealth.com,com
http://www.friscowomenshealth.com/new-blog.html?p=89,controversies,Cesarean,friscowomenshealth.com,com
http://www.friscowomenshealth.com/new-blog.html?p=89,experiences,Cesarean,friscowomenshealth.com,com
http://www.gfmer.ch/Obstetrics_simplified/caesarean_section.htm,medical,CS delivery,gfmer.ch,ch
http://www.ghc.org/healthAndWellness/?item=/common/healthAndWellness/pregnancy/birth/postCesarian.html,medical,Cesarean delivery,ghc.org,org
http://www.ghc.org/healthAndWellness/index.jhtml?item=/common/healthAndWellness/pregnancy/newMom/cesareanRecovery.html,medical,Cesarean,ghc.org,org
http://www.healthcaremagic.com/questions/Surgical-delivery-cut-on-lower-abdomen-had-intercourse-taken-i-pill-missing-periods-Is-this-danger-to-her-life-Pregnant/273548,medical,Surgical delivery,healthcaremagic.com,com
http://www.healthcaremagic.com/questions/Surgical-delivery-cut-on-lower-abdomen-had-intercourse-taken-i-pill-missing-periods-Is-this-danger-to-her-life-Pregnant/273548,experiences,Surgical delivery,healthcaremagic.com,com
http://www.healthcentral.com/sexual-health/h/abdominal-exercise-after-c-section.html,medical,Abdominal delivery,healthcentral.com,com
http://www.healthcentral.com/sexual-health/h/abdominal-exercise-after-c-section.html,controversies,Abdominal delivery,healthcentral.com,com
http://www.healthgrades.com/procedures/cesarean-section,medical,Surgical delivery,healthgrades.com,com
http://www.healthlinkbc.ca/kb/content/special/hw194785.html,medical,Caesarean delivery,healthlinkbc.ca,ca
http://www.healthopedia.com/c-section/after.html,medical,Abdominal delivery,healthopedia.com,com
http://www.healthopedia.com/c-section/prepare.html,medical,Abdominal delivery,healthopedia.com,com
http://www.healthy-pregnancy.com/UHC/labor_delivery/32.shtml,medical,Caesarean delivery,healthy-pregnancy.com,com
http://www.healthy-pregnancy.com/UHC/labor_delivery/322.shtml,medical,Caesarean delivery,healthy-pregnancy.com,com
http://www.healthy-pregnancy.com/UHC/labor_delivery/322.shtml,controversies,Caesarean delivery,healthy-pregnancy.com,com
http://www.healthychildren.org/English/ages-stages/baby/breastfeeding/pages/Breastfeeding-After-Cesarean-Delivery.aspx,medical,Cesarean delivery,healthychildren.org,org
http://www.healthychildren.org/English/ages-stages/baby/breastfeeding/pages/Breastfeeding-After-Cesarean-Delivery.aspx,controversies,Cesarean delivery,healthychildren.org,org
http://www.healthychildren.org/English/ages-stages/prenatal/delivery-beyond/pages/Delivery-by-Cesarean-Section.aspx,medical,Cesarean delivery,healthychildren.org,org
http://www.healthychildren.org/English/ages-stages/prenatal/delivery-beyond/pages/Delivery-by-Cesarean-Section.aspx,controversies,Cesarean delivery,healthychildren.org,org
http://www.hemophilia.org/NHFWeb/MainPgs/MainNHF.aspx?menuid=118&contentid=1454,medical,Caesarean delivery,hemophilia.org,org
http://www.hemophilia.org/NHFWeb/MainPgs/MainNHF.aspx?menuid=118&contentid=1454,controversies,Caesarean delivery,hemophilia.org,org
http://www.heraldsun.com.au/news/national/mum-dies-during-caesarean-delivery-at-hospital/story-fndo3ewo-1226522331594,controversies,Caesarean delivery,heraldsun.com.au,com
http://www.heraldsun.com.au/news/national/mum-dies-during-caesarean-delivery-at-hospital/story-fndo3ewo-1226522331594,experiences,Caesarean delivery,heraldsun.com.au,com
"http://www.hopkinsmedicine.org/healthlibrary/test_procedures/gynecology/cesarean_delivery_92,P07768/",medical,Cesarean delivery,hopkinsmedicine.org,org
http://www.huffingtonpost.com/2013/03/06/c-section-rate-variation-hospitals_n_2819024.html,medical,C-Section,huffingtonpost.com,com
http://www.huffingtonpost.com/2013/03/06/c-section-rate-variation-hospitals_n_2819024.html,controversies,C-Section,huffingtonpost.com,com
http://www.huffingtonpost.com/amanda-king/csection-mama-in-birth-goddess-club_b_2959287.html,controversies,C-Section,huffingtonpost.com,com
http://www.huffingtonpost.com/amanda-king/csection-mama-in-birth-goddess-club_b_2959287.html,experiences,C-Section,huffingtonpost.com,com
http://www.ican-online.org/,controversies,Cesarean,ican-online.org,org
http://www.ican-online.org/,experiences,Cesarean,ican-online.org,org
http://www.ican-online.org/store/index.php?main_page=product_info&cPath=1&products_id=1,controversies,Cesarean,ican-online.org,org
http://www.improvingbirth.org/induction-c-section-vbac-facts/,medical,C-Section,improvingbirth.org,org
http://www.improvingbirth.org/induction-c-section-vbac-facts/,controversies,C-Section,improvingbirth.org,org
http://www.institute.uk/quality_and_value/high_volume_care/focus_on%3A_caesarean_section.html,medical,Caesarean,institute.uk,uk
http://www.institute.uk/quality_and_value/high_volume_care/focus_on%3A_caesarean_section.html,controversies,Caesarean,institute.uk,uk
http://www.karger.com/Article/Abstract/292370,medical,Surgical delivery,karger.com,com
http://www.kjrh.com/dpp/news/local_news/Natural-birth-or-C-section-Doctors-moms-being-urged-to-not-deliver-babies-by-cesarean-section,medical,C-Section,kjrh.com,com
http://www.kjrh.com/dpp/news/local_news/Natural-birth-or-C-section-Doctors-moms-being-urged-to-not-deliver-babies-by-cesarean-section,controversies,C-Section,kjrh.com,com
http://www.lamag.com/citythink/citythinkblog/2013/04/18/mamala-need-to-schedule-a-c-section-look-to-the-stars,controversies,C-Section,lamag.com,com
http://www.lamag.com/citythink/citythinkblog/2013/04/18/mamala-need-to-schedule-a-c-section-look-to-the-stars,experiences,C-Section,lamag.com,com
http://www.livestrong.com/c-section-complications/,medical,Surgical delivery,livestrong.com,com
http://www.marchofdimes.com/pregnancy/csection_byrequest.html,medical,C-Section,marchofdimes.com,com
http://www.marchofdimes.com/pregnancy/csection_byrequest.html,controversies,C-Section,marchofdimes.com,com
http://www.marchofdimes.com/pregnancy/csection_indepth.html,medical,C-Section,marchofdimes.com,com
http://www.marchofdimes.com/pregnancy/csection.html,medical,C-Section,marchofdimes.com,com
http://www.mayoclinic.com/health/c-section-recovery/MY01978,medical,C-Section,mayoclinic.com,com
http://www.mayoclinic.com/health/c-section/MM00531,medical,C-Section,mayoclinic.com,com
http://www.mayoclinic.com/health/c-section/MY00214,medical,C-Section,mayoclinic.com,com
http://www.mayoclinic.com/health/c-section/MY00214/DSECTION=risks,medical,C-Section,mayoclinic.com,com
http://www.mayoclinic.com/health/c-section/MY00214/DSECTION=what-you-can-expect,medical,C-Section,mayoclinic.com,com
http://www.mayoclinic.com/health/c-sections/AN02070,medical,C-Section,mayoclinic.com,com
http://www.mayoclinic.com/health/c-sections/AN02070,controversies,C-Section,mayoclinic.com,com
http://www.mayoclinic.com/health/vbac/MY01143,medical,C-Section,mayoclinic.com,com
http://www.mayoclinic.com/health/vbac/MY01143,controversies,C-Section,mayoclinic.com,com
http://www.medhelp.org/posts/Pregnancy-and-Parenting-Multiples/pregnancy-after-cs-delivery/show/1001344,experiences,CS delivery,medhelp.org,org
http://www.medicalnewstoday.com/articles/256915.php,medical,C-Section,medicalnewstoday.com,com
http://www.medicalnewstoday.com/articles/256915.php,controversies,C-Section,medicalnewstoday.com,com
http://www.medicalnewstoday.com/articles/257231.php,medical,C-Section,medicalnewstoday.com,com
http://www.medicalnewstoday.com/articles/257231.php,controversies,C-Section,medicalnewstoday.com,com
http://www.medimanage.com/my-worries/articles/after-care-of-a-caesarean-delivery.aspx,medical,Caesarean delivery,medimanage.com,com
http://www.medimanage.com/my-worries/articles/after-care-of-a-caesarean-delivery.aspx,experiences,Caesarean delivery,medimanage.com,com
http://www.medpagetoday.com/MeetingCoverage/SMFM/37368,medical,Cesarean delivery,medpagetoday.com,com
http://www.medpagetoday.com/MeetingCoverage/SMFM/37368,controversies,Cesarean delivery,medpagetoday.com,com
http://www.medrevise.co.uk/wiki/Instrumental_and_operative_delivery,medical,Operative delivery,medrevise.co.uk,co.uk
http://www.meht.uk/our-services/maternity-services/caesarean-section/,medical,Caesarean,meht.uk,uk
http://www.memorialcare.org/medical_services/maternity-care/c-section-surgery-video.cfm,medical,C-Section,memorialcare.org,org
http://www.mercy.net/practice/mercy-clinic-womens-health-fenton/vaginal-birth-after-cesarean-delivery,medical,Cesarean delivery,mercy.net,net
http://www.midwiferytoday.com/articles/choosingcaesarean.asp,medical,Caesarean,midwiferytoday.com,com
http://www.midwiferytoday.com/articles/choosingcaesarean.asp,controversies,Caesarean,midwiferytoday.com,com
http://www.minnpost.com/second-opinion/2013/03/hospital-c-section-rates-vary-widely-u-m-study-finds,medical,C-Section,minnpost.com,com
http://www.minnpost.com/second-opinion/2013/03/hospital-c-section-rates-vary-widely-u-m-study-finds,controversies,C-Section,minnpost.com,com
http://www.moh.gov.sg/content/moh_web/home/costs_and_financing/HospitalBillSize/delivery_caesareansection.html,medical,Caesarean,moh.gov.sg,gov
http://www.mothersspace.in/giving-birth/all-about-labour/caesarean-delivery/107,medical,Caesarean delivery,mothersspace.in,in
http://www.mumsnet.com/pregnancy/labour-and-birth/recovering-after-a-caesarean,medical,C-Section,mumsnet.com,com
http://www.mumsnet.com/pregnancy/labour-and-birth/recovering-after-a-caesarean,controversies,C-Section,mumsnet.com,com
http://www.mumsnet.com/pregnancy/labour-and-birth/recovering-after-a-caesarean,experiences,C-Section,mumsnet.com,com
http://www.muschealth.com/gs/TandPcontent.aspx?pageid=P07768,medical,Surgical delivery,muschealth.com,com
http://www.mylot.com/w/discussions/686881.aspx,controversies,CS delivery,mylot.com,com
http://www.mylot.com/w/discussions/686881.aspx,experiences,CS delivery,mylot.com,com
http://www.nct.org/birth/giving-birth-caesarean-section-elective-and-emergency-caesareans,medical,Caesarean,nct.org,org
http://www.nct.org/birth/giving-birth-caesarean-section-elective-and-emergency-caesareans,controversies,Caesarean,nct.org,org
http://www.nct.org/birth/vaginal-birth-after-caesarean-vbac,medical,Caesarean,nct.org,org
http://www.nct.org/birth/vaginal-birth-after-caesarean-vbac,controversies,Caesarean,nct.org,org
http://www.nct.org/birth/vaginal-birth-after-caesarean-vbac%23What%2520if%2520I%2520get%2520pregnant%2520soon%2520after%2520birth%2520by%2520caesarean%3F&rct=j&q=Caesarean&usg=AFQjCNFbdz1CeDt_s2ZJ1YliNaYvbHrEKg&sa=X&ei=r9p3UeOwIeGd7gaivIHoBw&ved=0CIMEEMoEMEk,medical,Caesarean,nct.org,org
http://www.nct.org/birth/vaginal-birth-after-caesarean-vbac%23What%2520if%2520I%2520get%2520pregnant%2520soon%2520after%2520birth%2520by%2520caesarean%3F&rct=j&q=Caesarean&usg=AFQjCNFbdz1CeDt_s2ZJ1YliNaYvbHrEKg&sa=X&ei=r9p3UeOwIeGd7gaivIHoBw&ved=0CIMEEMoEMEk,controversies,Caesarean,nct.org,org
http://www.nct.org/birth/what-happens-during-elective-or-emergency-caesarean-section,medical,Caesarean,nct.org,org
http://www.netdoctor.co.uk/health_advice/facts/caesarian.htm,medical,Caesarean,netdoctor.co.uk,co.uk
http://www.netmums.com/pregnancy/labour-and-birth/caesarean-birth-qa,medical,Caesarean,netmums.com,com
http://www.netmums.com/pregnancy/labour-and-birth/caesarean-birth-qa,controversies,Caesarean,netmums.com,com
http://www.news-medical.net/health/Cesarean-Section-Types.aspx,medical,Cesarean,news-medical.net,net
http://www.news-medical.net/health/Cesarean-What-is-a-Cesarean-Section.aspx,medical,Cesarean,news-medical.net,net
http://www.newser.com/story/165841/kardashian-wants-c-section-at-8-months-source.html,controversies,C-Section,newser.com,com
http://www.newser.com/story/165841/kardashian-wants-c-section-at-8-months-source.html,vip,C-Section,newser.com,com
http://www.uk/conditions/Caesarean-section/Pages/Introduction.aspx,medical,C-Section,uk,uk
http://www.uk/conditions/Caesarean-section/Pages/Introduction.aspx,controversies,C-Section,uk,uk
http://www.uk/Conditions/Caesarean-section/Pages/Recovery.aspx,medical,Caesarean,uk,uk
http://www.uk/Conditions/Caesarean-section/Pages/Risks.aspx,medical,Caesarean,uk,uk
http://www.uk/Conditions/Caesarean-section/Pages/Why-is-it-necessary.aspx,medical,Caesarean,uk,uk
http://www.uk/Conditions/Caesarean-section/Pages/Why-is-it-necessary.aspx,controversies,Caesarean,uk,uk
http://www.uk/conditions/pregnancy-and-baby/pages/caesarean-section.aspx,medical,Caesarean,uk,uk
http://www.uk/news/2013/02February/Pages/C-section-link-to-asthma-uncertain.aspx,medical,Caesarean,uk,uk
http://www.uk/news/2013/02February/Pages/C-section-link-to-asthma-uncertain.aspx,controversies,Caesarean,uk,uk
http://www.nice.org/CG132,medical,Caesarean,nice.org,org
http://www.nice.org/page.aspx?o=113190,medical,Caesarean,nice.org,org
http://www.nichd.nih.gov/health/topics/obstetrics/conditioninfo/Pages/after-cesarean.aspx,medical,Cesarean delivery,nichd.nih.gov,gov
http://www.nichd.nih.gov/health/topics/obstetrics/conditioninfo/pages/risks.aspx,medical,Cesarean delivery,nichd.nih.gov,gov
http://www.nichd.nih.gov/health/topics/obstetrics/conditioninfo/pages/risks.aspx,controversies,Cesarean delivery,nichd.nih.gov,gov
http://www.nichd.nih.gov/health/topics/pregnancy/conditioninfo/Pages/cesarean.aspx,medical,Cesarean delivery,nichd.nih.gov,gov
http://www.nih.gov/news/pr/mar2006/od-29.htm,medical,Caesarean delivery,nih.gov,gov
http://www.nih.gov/news/pr/mar2006/od-29.htm,controversies,Caesarean delivery,nih.gov,gov
http://www.nlm.nih.gov/exhibition/cesarean/part1.html,medical,Cesarean,nlm.nih.gov,gov
http://www.nlm.nih.gov/exhibition/cesarean/part2.html,medical,Cesarean,nlm.nih.gov,gov
http://www.nlm.nih.gov/exhibition/cesarean/part3.html,medical,Cesarean,nlm.nih.gov,gov
http://www.nlm.nih.gov/exhibition/cesarean/part4.html,medical,Cesarean,nlm.nih.gov,gov
http://www.nlm.nih.gov/exhibition/cesarean/part4.html,controversies,Cesarean,nlm.nih.gov,gov
http://www.nlm.nih.gov/medlineplus/cesareansection.html,medical,C-Section,nlm.nih.gov,gov
http://www.nlm.nih.gov/medlineplus/ency/article/002911.htm,medical,C-Section,nlm.nih.gov,gov
http://www.nlm.nih.gov/medlineplus/ency/patientinstructions/000589.htm,medical,C-Section,nlm.nih.gov,gov
http://www.nlm.nih.gov/medlineplus/ency/patientinstructions/000620.htm,medical,C-Section,nlm.nih.gov,gov
http://www.nlm.nih.gov/medlineplus/ency/patientinstructions/000624.htm,medical,C-Section,nlm.nih.gov,gov
http://www.nursingtimes.net/nursing-practice/clinical-zones/continence/does-caesarean-delivery-prevent-anal-incontinence/5029202.article,medical,Caesarean delivery,nursingtimes.net,net
http://www.nytimes.com/1982/02/25/us/obstetric-panel-says-caesarean-delivery-needn-t-set-pattern.html,medical,Caesarean delivery,nytimes.com,com
http://www.nytimes.com/1982/02/25/us/obstetric-panel-says-caesarean-delivery-needn-t-set-pattern.html,controversies,Caesarean delivery,nytimes.com,com
http://www.nytimes.com/1987/11/25/us/wide-appeal-filed-on-forced-caesarean-delivery.html,controversies,Caesarean delivery,nytimes.com,com
http://www.nytimes.com/1987/11/25/us/wide-appeal-filed-on-forced-caesarean-delivery.html,experiences,Caesarean delivery,nytimes.com,com
http://www.nytimes.com/2013/03/05/health/rate-of-caesarean-deliveries-varies-widely-across-us.html,medical,Caesarean,nytimes.com,com
http://www.nytimes.com/2013/03/05/health/rate-of-caesarean-deliveries-varies-widely-across-us.html,controversies,Caesarean,nytimes.com,com
http://www.nzherald.co.nz/lifestyle/news/article.cfm?c_id=6&objectid=10874628,medical,Caesarean,nzherald.co.nz,co.nz
http://www.nzherald.co.nz/lifestyle/news/article.cfm?c_id=6&objectid=10874628,controversies,Caesarean,nzherald.co.nz,co.nz
http://www.omaha.com/article/20130328/LIVEWELL01/130329648,medical,C-Section,omaha.com,com
http://www.omaha.com/article/20130328/LIVEWELL01/130329648,controversies,C-Section,omaha.com,com
http://www.orlive.com/halifaxhealth/videos/c-section-procedure,medical,C-Section,orlive.com,com
http://www.pantagraph.com/news/local/osf-st-joseph-adding-second-c-section-room/article_53a1404a-a952-11e2-82b7-001a4bcf887a.html,medical,C-Section,pantagraph.com,com
http://www.pantagraph.com/news/local/osf-st-joseph-adding-second-c-section-room/article_53a1404a-a952-11e2-82b7-001a4bcf887a.html,controversies,C-Section,pantagraph.com,com
http://www.parenting.com/article/owning-your-c-section,experiences,C-Section,parenting.com,com
http://www.parentingnation.in/Post-Pregnancy/care-after-cesarean-delivery_16,medical,CS delivery,parentingnation.in,in
http://www.parentingnation.in/Post-Pregnancy/care-after-cesarean-delivery_16,controversies,CS delivery,parentingnation.in,in
http://www.parents.com/advice/pregnancy-birth/giving-birth/can-i-give-birth-vaginally-after-a-c-section/,medical,C-Section,parents.com,com
http://www.parents.com/advice/pregnancy-birth/giving-birth/can-i-give-birth-vaginally-after-a-c-section/,controversies,C-Section,parents.com,com
http://www.parents.com/advice/pregnancy-birth/giving-birth/can-i-give-birth-vaginally-after-a-c-section/,experiences,C-Section,parents.com,com
http://www.parents.com/pregnancy/giving-birth/cesarean/breastfeeding-after-c-section/,medical,C-Section,parents.com,com
http://www.parents.com/pregnancy/giving-birth/cesarean/c-section-what-to-expect/,controversies,C-Section,parents.com,com
http://www.parents.com/pregnancy/giving-birth/cesarean/c-section-what-to-expect/,experiences,C-Section,parents.com,com
http://www.parentsconnect.com/pregnancy/c-section/why_emergency_c_section.html,medical,C-Section,parentsconnect.com,com
http://www.patient.co.uk/doctor/Delay-in-Second-Stage-of-Labour-and-Use-of-Forceps.htm,medical,Operative delivery,patient.co.uk,co.uk
http://www.pih.org/blog/new-study-obstructed-labor-and-caesarean-delivery-the-cost-and-benefit-of-s,medical,Caesarean delivery,pih.org,org
http://www.pih.org/blog/new-study-obstructed-labor-and-caesarean-delivery-the-cost-and-benefit-of-s,controversies,Caesarean delivery,pih.org,org
http://www.pindaraprivate.com.au/Maternity/caesarean-delivery.aspx,medical,Caesarean delivery,pindaraprivate.com.au,com
http://www.rcm.org/midwives/features/postnatal-depression-following-operative-delivery-/,medical,Operative delivery,rcm.org,org
http://www.rcm.org/midwives/features/postnatal-depression-following-operative-delivery-/,controversies,Operative delivery,rcm.org,org
http://www.rcog.org/news/bjog-release-operative-delivery-risk-women-who-have-had-early-periods,medical,Operative delivery,rcog.org,org
http://www.rcog.org/stratog/page/operative-delivery-rates,medical,Operative delivery,rcog.org,org
http://www.rcog.org/stratog/tutorial/caesarean-section,medical,Caesarean,rcog.org,org
http://www.rcog.org/womens-health/clinical-guidance/birth-after-previous-caesarean-birth-green-top-45,medical,Caesarean,rcog.org,org
http://www.rcog.org/womens-health/clinical-guidance/birth-after-previous-caesarean-birth-green-top-45,controversies,Caesarean,rcog.org,org
http://www.rcog.org/womens-health/clinical-guidance/caesarean-section-consent-advice,medical,Caesarean,rcog.org,org
http://www.rte.ie/news/2013/0309/375831-high-court-waterford-hospital/,medical,Caesarean,rte.ie,ie
http://www.rte.ie/news/2013/0309/375831-high-court-waterford-hospital/,controversies,Caesarean,rte.ie,ie
http://www.rte.ie/news/2013/0309/375831-high-court-waterford-hospital/,experiences,Caesarean,rte.ie,ie
http://www.salon.com/2012/11/06/my_awesome_c_section/,medical,C-Section,salon.com,com
http://www.salon.com/2012/11/06/my_awesome_c_section/,controversies,C-Section,salon.com,com
http://www.salon.com/2012/11/06/my_awesome_c_section/,experiences,C-Section,salon.com,com
http://www.samcoultersmith.ie/the-birth/labour-delivery,medical,Operative delivery,samcoultersmith.ie,ie
http://www.sciencedaily.com/releases/2005/02/050213133726.htm,medical,Caesarean delivery,sciencedaily.com,com
http://www.sciencedaily.com/releases/2005/02/050213133726.htm,controversies,Caesarean delivery,sciencedaily.com,com
http://www.sciencedaily.com/releases/2013/02/130211134842.htm,medical,Cesarean,sciencedaily.com,com
http://www.sciencedaily.com/releases/2013/02/130211134842.htm,controversies,Cesarean,sciencedaily.com,com
http://www.sciencedaily.com/releases/2013/02/130225091904.htm,medical,C-Section,sciencedaily.com,com
http://www.sciencedaily.com/releases/2013/02/130225091904.htm,controversies,C-Section,sciencedaily.com,com
http://www.sciencedaily.com/releases/2013/03/130305131255.htm,medical,Cesarean delivery,sciencedaily.com,com
http://www.sciencedaily.com/releases/2013/03/130305131255.htm,controversies,Cesarean delivery,sciencedaily.com,com
http://www.sciencedaily.com/releases/2013/03/130318180408.htm,medical,Cesarean delivery,sciencedaily.com,com
http://www.sciencedaily.com/releases/2013/03/130318180408.htm,controversies,Cesarean delivery,sciencedaily.com,com
http://www.shvoong.com/medicine-and-health/gynecology/1975885-risk-factors-emergency-cesarean-delivery/,medical,CS delivery,shvoong.com,com
http://www.slate.com/articles/double_x/doublex/2012/01/cesarean_nation_why_do_nearly_half_of_chinese_women_deliver_babies_via_c_section_.html,medical,Cesarean,slate.com,com
http://www.slate.com/articles/double_x/doublex/2012/01/cesarean_nation_why_do_nearly_half_of_chinese_women_deliver_babies_via_c_section_.html,controversies,Cesarean,slate.com,com
http://www.slate.com/articles/double_x/doublex/2012/01/cesarean_nation_why_do_nearly_half_of_chinese_women_deliver_babies_via_c_section_.html,experiences,Cesarean,slate.com,com
http://www.startribune.com/lifestyle/health/195072291.html,medical,C-Section,startribune.com,com
http://www.startribune.com/lifestyle/health/195072291.html,controversies,C-Section,startribune.com,com
http://www.surgerysquad.com/surgeries/virtual-c-section-cesarean-surgery/,medical,C-Section,surgerysquad.com,com
http://www.tehrantimes.com/health/3786-cesarean-delivery-weakens-kids-immune-system-professor,controversies,CS delivery,tehrantimes.com,com
http://www.telegraph.co.uk/health/healthnews/9862579/Caesarean-deliveries-and-formula-feeding-linked-to-lifelong-diseases-research.html,medical,Caesarean,telegraph.co.uk,co.uk
http://www.telegraph.co.uk/health/healthnews/9862579/Caesarean-deliveries-and-formula-feeding-linked-to-lifelong-diseases-research.html,controversies,Caesarean,telegraph.co.uk,co.uk
"http://www.termedia.pl/Focusing-on-Caesarean-section-8211-subjective-indications-for-abdominal-delivery,5,11495,0,1.html",medical,Abdominal delivery,termedia.pl,pl
"http://www.termedia.pl/Focusing-on-Caesarean-section-8211-subjective-indications-for-abdominal-delivery,5,11495,0,1.html",controversies,Abdominal delivery,termedia.pl,pl
http://www.theaustralian.com.au/news/mum-dies-during-caesarean-delivery-at-hospital/story-e6frg6n6-1226522331594,medical,Caesarean delivery,theaustralian.com.au,com
http://www.theaustralian.com.au/news/mum-dies-during-caesarean-delivery-at-hospital/story-e6frg6n6-1226522331594,controversies,Caesarean delivery,theaustralian.com.au,com
http://www.theaustralian.com.au/news/mum-dies-during-caesarean-delivery-at-hospital/story-e6frg6n6-1226522331594,experiences,Caesarean delivery,theaustralian.com.au,com
http://www.theglobeandmail.com/life/health-and-fitness/health-navigator/c-section-babies-missing-crucial-gut-bacteria-study-finds/article8440728/,medical,C-Section,theglobeandmail.com,com
http://www.theglobeandmail.com/life/health-and-fitness/health-navigator/c-section-babies-missing-crucial-gut-bacteria-study-finds/article8440728/,controversies,C-Section,theglobeandmail.com,com
http://www.thespec.com/news/local/article/908350--mac-study-finds-c-section-may-affect-allergy-and-asthma-rates,medical,C-Section,thespec.com,com
http://www.thespec.com/news/local/article/908350--mac-study-finds-c-section-may-affect-allergy-and-asthma-rates,controversies,C-Section,thespec.com,com
http://www.tommys.org/page.aspx?pid=1000,medical,Caesarean delivery,tommys.org,org
http://www.tommys.org/page.aspx?pid=1000,controversies,Caesarean delivery,tommys.org,org
http://www.turnto23.com/lifestyle/health/doctors-warn-against-c-section-birth-due-to-several-reasons,medical,C-Section,turnto23.com,com
http://www.turnto23.com/lifestyle/health/doctors-warn-against-c-section-birth-due-to-several-reasons,controversies,C-Section,turnto23.com,com
http://www.ukmsa.org/index.php/?p=3117,medical,Operative delivery,ukmsa.org,org
http://www.ukmsa.org/index.php/?p=3117,controversies,Operative delivery,ukmsa.org,org
http://www.umm.edu/ency/article/002911.htm,medical,Abdominal delivery,umm.edu,edu
http://www.uptodate.com/contents/anesthesia-for-cesarean-delivery,medical,Cesarean delivery,uptodate.com,com
http://www.uptodate.com/contents/c-section-cesarean-delivery-beyond-the-basics,medical,Cesarean delivery,uptodate.com,com
http://www.uptodate.com/contents/c-section-cesarean-delivery-beyond-the-basics,controversies,Cesarean delivery,uptodate.com,com
http://www.uptodate.com/contents/cesarean-delivery-on-maternal-request,medical,Cesarean delivery,uptodate.com,com
http://www.uptodate.com/contents/cesarean-delivery-on-maternal-request,controversies,Cesarean delivery,uptodate.com,com
http://www.uptodate.com/contents/cesarean-delivery-postoperative-issues,medical,Cesarean delivery,uptodate.com,com
http://www.uptodate.com/contents/cesarean-delivery-technique,medical,Cesarean delivery,uptodate.com,com
http://www.uptodate.com/contents/cesarean-delivery-technique,controversies,Cesarean delivery,uptodate.com,com
http://www.uptodate.com/contents/repeat-cesarean-delivery,medical,Cesarean delivery,uptodate.com,com
http://www.uptodate.com/contents/vaginal-birth-after-cesarean-delivery-vbac-beyond-the-basics,medical,Cesarean delivery,uptodate.com,com
http://www.usnews.com/health-news/news/articles/2013/02/25/c-section-may-raise-childs-risk-of-allergies-asthma-study,medical,C-Section,usnews.com,com
http://www.usnews.com/health-news/news/articles/2013/02/25/c-section-may-raise-childs-risk-of-allergies-asthma-study,controversies,C-Section,usnews.com,com
http://www.vhi.org/ob_guide/ob_delivery_cesarean.asp,medical,Cesarean delivery,vhi.org,org
http://www.vhi.org/ob_guide/ob_delivery_cesarean.asp,controversies,Cesarean delivery,vhi.org,org
http://www.webmd.boots.com/pregnancy/features/having-emergency-caesarean-section,medical,Caesarean,webmd.boots.com,com
http://www.webmd.com/baby/features/elective-cesarean-babies-on-demand,medical,Cesarean,webmd.com,com
http://www.webmd.com/baby/features/elective-cesarean-babies-on-demand,controversies,Cesarean,webmd.com,com
http://www.webmd.com/baby/features/elective-cesarean-babies-on-demand,vip,Cesarean,webmd.com,com
http://www.webmd.com/baby/features/the-truth-about-c-sections,medical,C-Section,webmd.com,com
http://www.webmd.com/baby/features/the-truth-about-c-sections,controversies,C-Section,webmd.com,com
http://www.webmd.com/baby/features/the-truth-about-c-sections,experiences,C-Section,webmd.com,com
http://www.webmd.com/baby/features/what-to-expect-cesarean-delivery,medical,Cesarean delivery,webmd.com,com
http://www.webmd.com/baby/features/what-to-expect-cesarean-delivery,controversies,Cesarean delivery,webmd.com,com
http://www.webmd.com/baby/guide/cesarean-section-topic-overview,medical,C-Section,webmd.com,com
http://www.webmd.com/baby/guide/cesarean-section-topic-overview,controversies,C-Section,webmd.com,com
http://www.webmd.com/baby/news/20130211/c-section-formula-may-disrupt-good-gut-bacteria-in-babies,medical,C-Section,webmd.com,com
http://www.webmd.com/baby/news/20130211/c-section-formula-may-disrupt-good-gut-bacteria-in-babies,controversies,C-Section,webmd.com,com
http://www.webmd.com/baby/news/20130304/c-section-rates-vary-widely-at-us-hospitals,medical,C-Section,webmd.com,com
http://www.webmd.com/baby/news/20130304/c-section-rates-vary-widely-at-us-hospitals,controversies,C-Section,webmd.com,com
http://www.webmd.com/baby/tc/cesarean-section-risks-and-complications,medical,Cesarean,webmd.com,com
http://www.whattoexpect.com/first-year/ask-heidi/c-section-recovery.aspx,medical,C-Section,whattoexpect.com,com
http://www.whattoexpect.com/first-year/ask-heidi/c-section-recovery.aspx,experiences,C-Section,whattoexpect.com,com
http://www.whattoexpect.com/pregnancy/labor-and-delivery/cesarean-section.aspx,medical,C-Section,whattoexpect.com,com
http://www.whattoexpect.com/pregnancy/labor-and-delivery/cesarean-section/what-happens-when-you-have-one.aspx,medical,C-Section,whattoexpect.com,com
http://www.whattoexpect.com/pregnancy/labor-and-delivery/cesarean-section/why-you-might-need-a-c-section.aspx,medical,C-Section,whattoexpect.com,com
http://www.whattoexpect.com/pregnancy/labor-and-delivery/cesarean-section/why-you-might-need-a-c-section.aspx,controversies,C-Section,whattoexpect.com,com
http://www.who.int/bulletin/volumes/85/10/06-035808/,medical,Caesarean delivery,who.int,int
http://www.who.int/bulletin/volumes/85/10/06-035808/,controversies,Caesarean delivery,who.int,int
http://www.who.int/rhl/hiv_aids/slcom/en/,medical,Caesarean delivery,who.int,int
http://www.who.int/rhl/hiv_aids/slcom/en/,controversies,Caesarean delivery,who.int,int
http://www.who.int/rhl/pregnancy_childbirth/childbirth/caesarean/CD004662_abalose_com/en/,medical,Caesarean delivery,who.int,int
http://www.wikihow.com/Decide-Whether-to-Have-a-C-Section,medical,Surgical delivery,wikihow.com,com
http://www.wikihow.com/Decide-Whether-to-Have-a-C-Section,controversies,Surgical delivery,wikihow.com,com
http://www.wikihow.com/Exercise-After-a-C-Section,medical,C-Section,wikihow.com,com
http://www.wikihow.com/Heal-Faster-from-a-C-Section,medical,C-Section,wikihow.com,com
http://www.wired.com/thisdayintech/2011/01/0114caesarean-first-us/,medical,Cesarean,wired.com,com
http://www.wisegeek.com/what-is-an-abdominal-delivery.htm,medical,Abdominal delivery,wisegeek.com,com
http://www.wnd.com/2013/03/doctor-threatens-woman-who-refuses-c-section/,controversies,C-Section,wnd.com,com
http://www.wnd.com/2013/03/doctor-threatens-woman-who-refuses-c-section/,experiences,C-Section,wnd.com,com
http://www1.cgmh.org.tw/intr/intr5/c6700/obgyn/f/web/Cesarean%20Section/index.htm,medical,Abdominal delivery,www1.cgmh.org.tw,org
http://www1.cgmh.org.tw/intr/intr5/c6700/obgyn/f/web/Cesarean%20Section/index.htm,controversies,Abdominal delivery,www1.cgmh.org.tw,org
https://myhealth.alberta.ca/health/Pages/conditions.aspx?hwid=hw194785,medical,Caesarean delivery,myhealth.alberta.ca,ca
https://myhealth.alberta.ca/health/pages/conditions.aspx?hwid=tp13139,medical,Caesarean delivery,myhealth.alberta.ca,ca
https://www.breastfeeding.asn.au/bf-info/breastfeeding-after-caesarean-birth,medical,Caesarean,breastfeeding.asn.au,au
https://www.breastfeeding.asn.au/bf-info/breastfeeding-after-caesarean-birth,controversies,Caesarean,breastfeeding.asn.au,au
https://www.gov.uk/caesarean-section-and-driving,controversies,Caesarean,gov.uk,gov
https://www.itriagehealth.com/procedures/c-section-surgical-delivery-of-baby-454,medical,Surgical delivery,itriagehealth.com,com